﻿<?xml version="1.0" encoding="utf-8"?>
<ModMetaData>
	<name>WM Smarter food selection</name>
	<author>Wishmaster</author>
	<targetversion>0.17.1546</targetversion>
	<description>
&lt;size=18&gt;&lt;color=orange&gt;&lt;b&gt;Requires HugsLib.&lt;/b&gt;&lt;/color&gt;&lt;/size&gt;

&lt;b&gt;Allows you to restrict the foods of your pawns (prisoners, animals, ascetic, cannibal).&lt;/b&gt;
		
&lt;b&gt;Assign and customize your food policies.&lt;/b&gt;

&lt;b&gt;Better food selection algorithm.&lt;/b&gt;

&lt;b&gt;Upgraded and smarter nutrient paste dispenser. &lt;/b&gt;
		
Will pick ingredients in this order: raw bad &gt; raw tasty &gt; insect meat &gt; human meat.
The NPD will prioritize human meat for cannibals, and human meat then insect meat for animals.

&lt;b&gt;More... &lt;/b&gt;

More information on the web link.

Version 2.1.1

&lt;size=18&gt;&lt;color=orange&gt;&lt;b&gt;Credits&lt;/b&gt;&lt;/color&gt; &lt;/size&gt;

* UnlimitedHugs for HugsLib and for assistance.
  </description>
	<url>https://ludeon.com/forums/index.php?topic=30708.0</url>
</ModMetaData>